round_id,trial,mean_score,mean_kl,mean_acc_pct,params_json
a8be24e1-bd48-49bb-aa46-c5593da79f6f,298,23.432537,0.484606,95.937500,"{""DIRICHLET_ALPHA"": 0.06846321888606578, ""OBSERVED_POSTERIOR_TEMPERATURE"": 1.231959356742323, ""PROB_FLOOR"": 0.00016885983545528825}"
a8be24e1-bd48-49bb-aa46-c5593da79f6f,177,23.432193,0.484603,95.937500,"{""DIRICHLET_ALPHA"": 0.08463076238098388, ""OBSERVED_POSTERIOR_TEMPERATURE"": 1.1588419565418342, ""PROB_FLOOR"": 0.003816186695270958}"
a8be24e1-bd48-49bb-aa46-c5593da79f6f,133,23.431683,0.484606,95.937500,"{""DIRICHLET_ALPHA"": 0.08088616608258156, ""OBSERVED_POSTERIOR_TEMPERATURE"": 1.1801598044785284, ""PROB_FLOOR"": 0.001134124123219781}"
a8be24e1-bd48-49bb-aa46-c5593da79f6f,136,23.427256,0.484661,95.937500,"{""DIRICHLET_ALPHA"": 0.07813802508736935, ""OBSERVED_POSTERIOR_TEMPERATURE"": 1.201680009723098, ""PROB_FLOOR"": 0.008411280831552407}"
a8be24e1-bd48-49bb-aa46-c5593da79f6f,278,23.427238,0.484680,95.937500,"{""DIRICHLET_ALPHA"": 0.10507996001421974, ""OBSERVED_POSTERIOR_TEMPERATURE"": 1.0714163360358446, ""PROB_FLOOR"": 0.0036184931621581424}"
a8be24e1-bd48-49bb-aa46-c5593da79f6f,229,23.422931,0.484759,95.937500,"{""DIRICHLET_ALPHA"": 0.09239019097093785, ""OBSERVED_POSTERIOR_TEMPERATURE"": 1.1038161059807188, ""PROB_FLOOR"": 0.0009265696580576829}"
a8be24e1-bd48-49bb-aa46-c5593da79f6f,194,23.417296,0.484830,95.937500,"{""DIRICHLET_ALPHA"": 0.12971607004755645, ""OBSERVED_POSTERIOR_TEMPERATURE"": 0.9862363182366097, ""PROB_FLOOR"": 0.0016681895422548548}"
a8be24e1-bd48-49bb-aa46-c5593da79f6f,15,23.416599,0.484855,95.937500,"{""DIRICHLET_ALPHA"": 0.08496799393168984, ""OBSERVED_POSTERIOR_TEMPERATURE"": 1.1301060408008996, ""PROB_FLOOR"": 0.008207247743500725}"
a8be24e1-bd48-49bb-aa46-c5593da79f6f,12,23.416039,0.484858,95.937500,"{""DIRICHLET_ALPHA"": 0.12269339470619389, ""OBSERVED_POSTERIOR_TEMPERATURE"": 0.9981838824139475, ""PROB_FLOOR"": 0.00027276216309964643}"
a8be24e1-bd48-49bb-aa46-c5593da79f6f,277,23.415570,0.484868,95.937500,"{""DIRICHLET_ALPHA"": 0.07087948157483884, ""OBSERVED_POSTERIOR_TEMPERATURE"": 1.1995553991615204, ""PROB_FLOOR"": 0.0025396350161691916}"
a8be24e1-bd48-49bb-aa46-c5593da79f6f,88,23.415552,0.484819,95.937500,"{""DIRICHLET_ALPHA"": 0.08448032174177786, ""OBSERVED_POSTERIOR_TEMPERATURE"": 1.1798656761825366, ""PROB_FLOOR"": 0.0002142424103875844}"
a8be24e1-bd48-49bb-aa46-c5593da79f6f,93,23.415096,0.484868,95.937500,"{""DIRICHLET_ALPHA"": 0.1310862968853352, ""OBSERVED_POSTERIOR_TEMPERATURE"": 0.9771964387808197, ""PROB_FLOOR"": 0.01029227465642099}"
a8be24e1-bd48-49bb-aa46-c5593da79f6f,241,23.413433,0.484861,95.937500,"{""DIRICHLET_ALPHA"": 0.11391339828826412, ""OBSERVED_POSTERIOR_TEMPERATURE"": 1.0550928257200445, ""PROB_FLOOR"": 0.0001209033482647772}"
a8be24e1-bd48-49bb-aa46-c5593da79f6f,184,23.412762,0.484876,95.937500,"{""DIRICHLET_ALPHA"": 0.1226384642056963, ""OBSERVED_POSTERIOR_TEMPERATURE"": 1.0235116109290372, ""PROB_FLOOR"": 0.00022209963241424168}"
a8be24e1-bd48-49bb-aa46-c5593da79f6f,263,23.408269,0.484919,95.937500,"{""DIRICHLET_ALPHA"": 0.08641578827883031, ""OBSERVED_POSTERIOR_TEMPERATURE"": 1.175263738328045, ""PROB_FLOOR"": 0.006889553884016301}"
a8be24e1-bd48-49bb-aa46-c5593da79f6f,6,23.407004,0.484988,95.937500,"{""DIRICHLET_ALPHA"": 0.14310034888380035, ""OBSERVED_POSTERIOR_TEMPERATURE"": 0.9408954887139107, ""PROB_FLOOR"": 0.0001402102259054043}"
a8be24e1-bd48-49bb-aa46-c5593da79f6f,294,23.405795,0.484962,95.937500,"{""DIRICHLET_ALPHA"": 0.1081935946299513, ""OBSERVED_POSTERIOR_TEMPERATURE"": 1.0823957494992202, ""PROB_FLOOR"": 0.0024214858662479073}"
a8be24e1-bd48-49bb-aa46-c5593da79f6f,167,23.404933,0.484986,95.937500,"{""DIRICHLET_ALPHA"": 0.133057418705622, ""OBSERVED_POSTERIOR_TEMPERATURE"": 0.9942629337801017, ""PROB_FLOOR"": 0.004947924720655578}"
a8be24e1-bd48-49bb-aa46-c5593da79f6f,66,23.404794,0.485011,95.937500,"{""DIRICHLET_ALPHA"": 0.15385186996500244, ""OBSERVED_POSTERIOR_TEMPERATURE"": 0.9217073232630956, ""PROB_FLOOR"": 0.010268161575417179}"
a8be24e1-bd48-49bb-aa46-c5593da79f6f,237,23.402574,0.485013,95.937500,"{""DIRICHLET_ALPHA"": 0.12430175406081415, ""OBSERVED_POSTERIOR_TEMPERATURE"": 1.025354503433677, ""PROB_FLOOR"": 0.019400549120975306}"
a8be24e1-bd48-49bb-aa46-c5593da79f6f,50,23.400808,0.485033,95.937500,"{""DIRICHLET_ALPHA"": 0.1153387504732112, ""OBSERVED_POSTERIOR_TEMPERATURE"": 1.0582689609886151, ""PROB_FLOOR"": 0.00011212637549285227}"
a8be24e1-bd48-49bb-aa46-c5593da79f6f,175,23.399598,0.485097,95.937500,"{""DIRICHLET_ALPHA"": 0.15420169790681942, ""OBSERVED_POSTERIOR_TEMPERATURE"": 0.9114451596242539, ""PROB_FLOOR"": 0.0001884720170661243}"
a8be24e1-bd48-49bb-aa46-c5593da79f6f,240,23.397187,0.485122,95.937500,"{""DIRICHLET_ALPHA"": 0.16670131037535962, ""OBSERVED_POSTERIOR_TEMPERATURE"": 0.8907576629258179, ""PROB_FLOOR"": 0.015750838728877656}"
a8be24e1-bd48-49bb-aa46-c5593da79f6f,122,23.395439,0.485151,95.937500,"{""DIRICHLET_ALPHA"": 0.1678871884097267, ""OBSERVED_POSTERIOR_TEMPERATURE"": 0.8850836047643074, ""PROB_FLOOR"": 0.000917907866557032}"
a8be24e1-bd48-49bb-aa46-c5593da79f6f,45,23.393172,0.485204,95.937500,"{""DIRICHLET_ALPHA"": 0.09324875308836089, ""OBSERVED_POSTERIOR_TEMPERATURE"": 1.082424455880158, ""PROB_FLOOR"": 0.0022861547811862987}"
a8be24e1-bd48-49bb-aa46-c5593da79f6f,166,23.391698,0.485157,95.937500,"{""DIRICHLET_ALPHA"": 0.11354036684317362, ""OBSERVED_POSTERIOR_TEMPERATURE"": 1.0696577534398717, ""PROB_FLOOR"": 0.0027531425984240352}"
a8be24e1-bd48-49bb-aa46-c5593da79f6f,257,23.388870,0.485259,95.937500,"{""DIRICHLET_ALPHA"": 0.1588358287907911, ""OBSERVED_POSTERIOR_TEMPERATURE"": 0.8942517870248813, ""PROB_FLOOR"": 0.0003595584421477651}"
a8be24e1-bd48-49bb-aa46-c5593da79f6f,165,23.387591,0.485286,95.937500,"{""DIRICHLET_ALPHA"": 0.08589139643777034, ""OBSERVED_POSTERIOR_TEMPERATURE"": 1.1109732226084126, ""PROB_FLOOR"": 0.006472828651892822}"
a8be24e1-bd48-49bb-aa46-c5593da79f6f,287,23.387039,0.485229,95.937500,"{""DIRICHLET_ALPHA"": 0.13408467684386302, ""OBSERVED_POSTERIOR_TEMPERATURE"": 1.0016210780149222, ""PROB_FLOOR"": 0.00508098302748381}"
a8be24e1-bd48-49bb-aa46-c5593da79f6f,83,23.381738,0.485292,95.937500,"{""DIRICHLET_ALPHA"": 0.10901717662568328, ""OBSERVED_POSTERIOR_TEMPERATURE"": 1.0912428629354902, ""PROB_FLOOR"": 0.0007254764176798595}"
a8be24e1-bd48-49bb-aa46-c5593da79f6f,118,23.380688,0.485384,95.937500,"{""DIRICHLET_ALPHA"": 0.14558814675338605, ""OBSERVED_POSTERIOR_TEMPERATURE"": 0.9185165216371155, ""PROB_FLOOR"": 0.002072956469214157}"
a8be24e1-bd48-49bb-aa46-c5593da79f6f,247,23.353078,0.485794,95.937500,"{""DIRICHLET_ALPHA"": 0.10998631193659548, ""OBSERVED_POSTERIOR_TEMPERATURE"": 1.007650310871239, ""PROB_FLOOR"": 0.00010088338074960898}"
a8be24e1-bd48-49bb-aa46-c5593da79f6f,18,23.342712,0.485867,95.937500,"{""DIRICHLET_ALPHA"": 0.19886185060051323, ""OBSERVED_POSTERIOR_TEMPERATURE"": 0.8529449079004022, ""PROB_FLOOR"": 0.0033818704748287166}"
a8be24e1-bd48-49bb-aa46-c5593da79f6f,113,23.334710,0.485972,95.937500,"{""DIRICHLET_ALPHA"": 0.18417175078514245, ""OBSERVED_POSTERIOR_TEMPERATURE"": 0.8880382992919739, ""PROB_FLOOR"": 0.00015643517173876813}"
a8be24e1-bd48-49bb-aa46-c5593da79f6f,220,23.333550,0.485977,95.937500,"{""DIRICHLET_ALPHA"": 0.15167686021195576, ""OBSERVED_POSTERIOR_TEMPERATURE"": 0.9695774604475622, ""PROB_FLOOR"": 0.0008183934706749871}"
a8be24e1-bd48-49bb-aa46-c5593da79f6f,178,23.332372,0.485977,95.937500,"{""DIRICHLET_ALPHA"": 0.10308200683927593, ""OBSERVED_POSTERIOR_TEMPERATURE"": 1.1321625461936051, ""PROB_FLOOR"": 0.002978817246010967}"
a8be24e1-bd48-49bb-aa46-c5593da79f6f,155,23.328701,0.486021,95.937500,"{""DIRICHLET_ALPHA"": 0.08232223180353229, ""OBSERVED_POSTERIOR_TEMPERATURE"": 1.228409781423238, ""PROB_FLOOR"": 0.002135205091403762}"
a8be24e1-bd48-49bb-aa46-c5593da79f6f,25,23.328454,0.486148,95.937500,"{""DIRICHLET_ALPHA"": 0.06614547660768177, ""OBSERVED_POSTERIOR_TEMPERATURE"": 1.1913612293072664, ""PROB_FLOOR"": 0.00013617466196972857}"
a8be24e1-bd48-49bb-aa46-c5593da79f6f,281,23.323193,0.486138,95.937500,"{""DIRICHLET_ALPHA"": 0.2010468535144908, ""OBSERVED_POSTERIOR_TEMPERATURE"": 0.8549879511764853, ""PROB_FLOOR"": 0.0015722773359602188}"
a8be24e1-bd48-49bb-aa46-c5593da79f6f,297,23.321090,0.486159,95.937500,"{""DIRICHLET_ALPHA"": 0.17429489761448255, ""OBSERVED_POSTERIOR_TEMPERATURE"": 0.915148600221822, ""PROB_FLOOR"": 0.0006036689449905663}"
a8be24e1-bd48-49bb-aa46-c5593da79f6f,31,23.312169,0.486284,95.937500,"{""DIRICHLET_ALPHA"": 0.17711689001865666, ""OBSERVED_POSTERIOR_TEMPERATURE"": 0.9109248410852674, ""PROB_FLOOR"": 0.001062085387739724}"
a8be24e1-bd48-49bb-aa46-c5593da79f6f,249,23.293357,0.486532,95.937500,"{""DIRICHLET_ALPHA"": 0.12748048156172995, ""OBSERVED_POSTERIOR_TEMPERATURE"": 1.05326694232515, ""PROB_FLOOR"": 0.0005836017295970502}"
a8be24e1-bd48-49bb-aa46-c5593da79f6f,4,23.288222,0.486741,95.937500,"{""DIRICHLET_ALPHA"": 0.09899152581581949, ""OBSERVED_POSTERIOR_TEMPERATURE"": 1.0301543751582267, ""PROB_FLOOR"": 0.013538154759071884}"
a8be24e1-bd48-49bb-aa46-c5593da79f6f,142,23.286740,0.486761,95.937500,"{""DIRICHLET_ALPHA"": 0.15542204263545464, ""OBSERVED_POSTERIOR_TEMPERATURE"": 0.8706631668057595, ""PROB_FLOOR"": 0.006972815355632428}"
a8be24e1-bd48-49bb-aa46-c5593da79f6f,87,23.286122,0.486770,95.937500,"{""DIRICHLET_ALPHA"": 0.15266407930154843, ""OBSERVED_POSTERIOR_TEMPERATURE"": 0.8766235427820712, ""PROB_FLOOR"": 0.00021686949173863146}"
a8be24e1-bd48-49bb-aa46-c5593da79f6f,219,23.267324,0.486887,95.937500,"{""DIRICHLET_ALPHA"": 0.09352754161828343, ""OBSERVED_POSTERIOR_TEMPERATURE"": 1.191112451852765, ""PROB_FLOOR"": 0.009176831206992376}"
a8be24e1-bd48-49bb-aa46-c5593da79f6f,119,23.256403,0.487055,95.937500,"{""DIRICHLET_ALPHA"": 0.13543162612314946, ""OBSERVED_POSTERIOR_TEMPERATURE"": 1.036394061192491, ""PROB_FLOOR"": 0.005715099515030217}"
a8be24e1-bd48-49bb-aa46-c5593da79f6f,270,23.240662,0.487435,95.937500,"{""DIRICHLET_ALPHA"": 0.1317502483796904, ""OBSERVED_POSTERIOR_TEMPERATURE"": 0.9191775745768312, ""PROB_FLOOR"": 0.019102107932906683}"
a8be24e1-bd48-49bb-aa46-c5593da79f6f,296,23.239829,0.487447,95.937500,"{""DIRICHLET_ALPHA"": 0.10458567582234846, ""OBSERVED_POSTERIOR_TEMPERATURE"": 1.0008823931532016, ""PROB_FLOOR"": 0.0002002396114847203}"
a8be24e1-bd48-49bb-aa46-c5593da79f6f,259,23.219422,0.487600,95.937500,"{""DIRICHLET_ALPHA"": 0.21480867024216801, ""OBSERVED_POSTERIOR_TEMPERATURE"": 0.8518965571647495, ""PROB_FLOOR"": 0.0026544460242444085}"
a8be24e1-bd48-49bb-aa46-c5593da79f6f,148,23.211114,0.487710,95.937500,"{""DIRICHLET_ALPHA"": 0.18630906206443879, ""OBSERVED_POSTERIOR_TEMPERATURE"": 0.9120851969764363, ""PROB_FLOOR"": 0.0002779684011097653}"
a8be24e1-bd48-49bb-aa46-c5593da79f6f,210,23.201511,0.488005,95.937500,"{""DIRICHLET_ALPHA"": 0.14331081043306335, ""OBSERVED_POSTERIOR_TEMPERATURE"": 0.8839277089247328, ""PROB_FLOOR"": 0.006994191355187142}"
a8be24e1-bd48-49bb-aa46-c5593da79f6f,14,23.200111,0.487845,95.937500,"{""DIRICHLET_ALPHA"": 0.11491646052935937, ""OBSERVED_POSTERIOR_TEMPERATURE"": 1.117925597873004, ""PROB_FLOOR"": 0.008225453488118033}"
a8be24e1-bd48-49bb-aa46-c5593da79f6f,204,23.198088,0.487882,95.937500,"{""DIRICHLET_ALPHA"": 0.14274491257870606, ""OBSERVED_POSTERIOR_TEMPERATURE"": 1.0260354798109474, ""PROB_FLOOR"": 0.0031947401647858045}"
a8be24e1-bd48-49bb-aa46-c5593da79f6f,157,23.181882,0.488292,95.937500,"{""DIRICHLET_ALPHA"": 0.1320046572272661, ""OBSERVED_POSTERIOR_TEMPERATURE"": 0.9093755959680232, ""PROB_FLOOR"": 0.000849726374999468}"
a8be24e1-bd48-49bb-aa46-c5593da79f6f,23,23.171259,0.488445,95.937500,"{""DIRICHLET_ALPHA"": 0.08294802353502692, ""OBSERVED_POSTERIOR_TEMPERATURE"": 1.0736828642981653, ""PROB_FLOOR"": 0.00011772833975844341}"
a8be24e1-bd48-49bb-aa46-c5593da79f6f,276,23.170022,0.488464,95.937500,"{""DIRICHLET_ALPHA"": 0.15297130592457459, ""OBSERVED_POSTERIOR_TEMPERATURE"": 0.8572642175657456, ""PROB_FLOOR"": 0.00034036527149110854}"
a8be24e1-bd48-49bb-aa46-c5593da79f6f,53,23.166358,0.488340,95.937500,"{""DIRICHLET_ALPHA"": 0.16826143232605642, ""OBSERVED_POSTERIOR_TEMPERATURE"": 0.9624935135356033, ""PROB_FLOOR"": 0.004699889127560382}"
a8be24e1-bd48-49bb-aa46-c5593da79f6f,16,23.165466,0.488333,95.937500,"{""DIRICHLET_ALPHA"": 0.10299481096724186, ""OBSERVED_POSTERIOR_TEMPERATURE"": 1.1719057429987207, ""PROB_FLOOR"": 0.0004604204861115462}"
a8be24e1-bd48-49bb-aa46-c5593da79f6f,0,23.131112,0.489033,95.937500,"{""DIRICHLET_ALPHA"": 0.1, ""OBSERVED_POSTERIOR_TEMPERATURE"": 1.0, ""PROB_FLOOR"": 0.01}"
a8be24e1-bd48-49bb-aa46-c5593da79f6f,108,23.128697,0.489067,95.937500,"{""DIRICHLET_ALPHA"": 0.0888066892011253, ""OBSERVED_POSTERIOR_TEMPERATURE"": 1.0423641713200313, ""PROB_FLOOR"": 0.0017041193844872851}"
a8be24e1-bd48-49bb-aa46-c5593da79f6f,284,23.126197,0.489097,95.937500,"{""DIRICHLET_ALPHA"": 0.05282602283723942, ""OBSERVED_POSTERIOR_TEMPERATURE"": 1.2346198518164129, ""PROB_FLOOR"": 0.00028770445290170904}"
a8be24e1-bd48-49bb-aa46-c5593da79f6f,187,23.123627,0.488936,95.937500,"{""DIRICHLET_ALPHA"": 0.12838959420416, ""OBSERVED_POSTERIOR_TEMPERATURE"": 1.0845780692059184, ""PROB_FLOOR"": 0.00015612241819174338}"
a8be24e1-bd48-49bb-aa46-c5593da79f6f,40,23.118882,0.488999,95.937500,"{""DIRICHLET_ALPHA"": 0.11370232954602488, ""OBSERVED_POSTERIOR_TEMPERATURE"": 1.1377851823803746, ""PROB_FLOOR"": 0.0027721091964403766}"
a8be24e1-bd48-49bb-aa46-c5593da79f6f,275,23.118215,0.489025,95.937500,"{""DIRICHLET_ALPHA"": 0.16926905119848445, ""OBSERVED_POSTERIOR_TEMPERATURE"": 0.9679020772811052, ""PROB_FLOOR"": 0.008382313639861933}"
a8be24e1-bd48-49bb-aa46-c5593da79f6f,244,23.116529,0.489245,95.937500,"{""DIRICHLET_ALPHA"": 0.08501678776686014, ""OBSERVED_POSTERIOR_TEMPERATURE"": 1.056435120502845, ""PROB_FLOOR"": 0.00013098124372233353}"
a8be24e1-bd48-49bb-aa46-c5593da79f6f,171,23.085319,0.489505,95.937500,"{""DIRICHLET_ALPHA"": 0.21207837064947116, ""OBSERVED_POSTERIOR_TEMPERATURE"": 0.8788236588291775, ""PROB_FLOOR"": 0.00013421659255052825}"
a8be24e1-bd48-49bb-aa46-c5593da79f6f,260,23.067685,0.489753,95.937500,"{""DIRICHLET_ALPHA"": 0.19550497315246818, ""OBSERVED_POSTERIOR_TEMPERATURE"": 0.915097394441983, ""PROB_FLOOR"": 0.009281764520492388}"
a8be24e1-bd48-49bb-aa46-c5593da79f6f,21,23.035388,0.490196,95.937500,"{""DIRICHLET_ALPHA"": 0.1230630894743518, ""OBSERVED_POSTERIOR_TEMPERATURE"": 1.1173611847161886, ""PROB_FLOOR"": 0.0019954600843172087}"
a8be24e1-bd48-49bb-aa46-c5593da79f6f,36,23.032090,0.490241,95.937500,"{""DIRICHLET_ALPHA"": 0.11784676051450928, ""OBSERVED_POSTERIOR_TEMPERATURE"": 1.1367560756635982, ""PROB_FLOOR"": 0.00042282006850390185}"
a8be24e1-bd48-49bb-aa46-c5593da79f6f,151,23.031733,0.490274,95.937500,"{""DIRICHLET_ALPHA"": 0.22219497072803612, ""OBSERVED_POSTERIOR_TEMPERATURE"": 0.8669402206320668, ""PROB_FLOOR"": 0.004285781795008301}"
a8be24e1-bd48-49bb-aa46-c5593da79f6f,106,23.010395,0.490799,95.937500,"{""DIRICHLET_ALPHA"": 0.10107137913446294, ""OBSERVED_POSTERIOR_TEMPERATURE"": 0.9809982257650182, ""PROB_FLOOR"": 0.0037775454172864795}"
a8be24e1-bd48-49bb-aa46-c5593da79f6f,149,22.999746,0.490723,95.937500,"{""DIRICHLET_ALPHA"": 0.18037712734751293, ""OBSERVED_POSTERIOR_TEMPERATURE"": 0.9583035005271201, ""PROB_FLOOR"": 0.017966811246346984}"
a8be24e1-bd48-49bb-aa46-c5593da79f6f,104,22.991484,0.491076,95.937500,"{""DIRICHLET_ALPHA"": 0.12469054576569898, ""OBSERVED_POSTERIOR_TEMPERATURE"": 0.9059073643815827, ""PROB_FLOOR"": 0.0009095897291518757}"
a8be24e1-bd48-49bb-aa46-c5593da79f6f,65,22.971706,0.491133,95.937500,"{""DIRICHLET_ALPHA"": 0.20946704130997748, ""OBSERVED_POSTERIOR_TEMPERATURE"": 0.8991031729645944, ""PROB_FLOOR"": 0.00022519250307176882}"
a8be24e1-bd48-49bb-aa46-c5593da79f6f,103,22.970818,0.491134,95.937500,"{""DIRICHLET_ALPHA"": 0.16349518509690641, ""OBSERVED_POSTERIOR_TEMPERATURE"": 1.0040357984401413, ""PROB_FLOOR"": 0.0004100772063800569}"
a8be24e1-bd48-49bb-aa46-c5593da79f6f,1,22.944802,0.491495,95.937500,"{""DIRICHLET_ALPHA"": 0.11533082554049255, ""OBSERVED_POSTERIOR_TEMPERATURE"": 1.1595824194223854, ""PROB_FLOOR"": 0.009435723711991107}"
a8be24e1-bd48-49bb-aa46-c5593da79f6f,13,22.938578,0.491852,95.937500,"{""DIRICHLET_ALPHA"": 0.12416918229422409, ""OBSERVED_POSTERIOR_TEMPERATURE"": 0.9019686021341886, ""PROB_FLOOR"": 0.000332576457335164}"
a8be24e1-bd48-49bb-aa46-c5593da79f6f,248,22.883017,0.492413,95.937500,"{""DIRICHLET_ALPHA"": 0.21706349529781074, ""OBSERVED_POSTERIOR_TEMPERATURE"": 0.894828148399479, ""PROB_FLOOR"": 0.00010065516005790282}"
a8be24e1-bd48-49bb-aa46-c5593da79f6f,89,22.850646,0.493140,95.937500,"{""DIRICHLET_ALPHA"": 0.04972761345646676, ""OBSERVED_POSTERIOR_TEMPERATURE"": 1.2183881889949801, ""PROB_FLOOR"": 0.000451706343286827}"
a8be24e1-bd48-49bb-aa46-c5593da79f6f,98,22.850274,0.492890,95.937500,"{""DIRICHLET_ALPHA"": 0.23196204856433492, ""OBSERVED_POSTERIOR_TEMPERATURE"": 0.8707847465860417, ""PROB_FLOOR"": 0.0001690286121621907}"
a8be24e1-bd48-49bb-aa46-c5593da79f6f,198,22.844211,0.493240,95.937500,"{""DIRICHLET_ALPHA"": 0.08380841738098867, ""OBSERVED_POSTERIOR_TEMPERATURE"": 1.0292829313027485, ""PROB_FLOOR"": 0.0023795648254012407}"
a8be24e1-bd48-49bb-aa46-c5593da79f6f,46,22.826302,0.493239,95.937500,"{""DIRICHLET_ALPHA"": 0.24005421117794687, ""OBSERVED_POSTERIOR_TEMPERATURE"": 0.8591215484118789, ""PROB_FLOOR"": 0.0012861686067591378}"
a8be24e1-bd48-49bb-aa46-c5593da79f6f,140,22.814326,0.493677,95.937500,"{""DIRICHLET_ALPHA"": 0.05756901453109549, ""OBSERVED_POSTERIOR_TEMPERATURE"": 1.1607071762768875, ""PROB_FLOOR"": 0.012429908234100784}"
a8be24e1-bd48-49bb-aa46-c5593da79f6f,84,22.778160,0.493920,95.937500,"{""DIRICHLET_ALPHA"": 0.1664634461391938, ""OBSERVED_POSTERIOR_TEMPERATURE"": 1.020352834549404, ""PROB_FLOOR"": 0.009890732425497132}"
a8be24e1-bd48-49bb-aa46-c5593da79f6f,37,22.775239,0.493977,95.937500,"{""DIRICHLET_ALPHA"": 0.226624575170522, ""OBSERVED_POSTERIOR_TEMPERATURE"": 0.8885563848613997, ""PROB_FLOOR"": 0.0011175976158048426}"
a8be24e1-bd48-49bb-aa46-c5593da79f6f,9,22.770386,0.494326,95.937500,"{""DIRICHLET_ALPHA"": 0.05671328988447222, ""OBSERVED_POSTERIOR_TEMPERATURE"": 1.1613533988295046, ""PROB_FLOOR"": 0.0011842906719327735}"
a8be24e1-bd48-49bb-aa46-c5593da79f6f,134,22.761428,0.494462,95.937500,"{""DIRICHLET_ALPHA"": 0.08246257394619798, ""OBSERVED_POSTERIOR_TEMPERATURE"": 1.0269256508271574, ""PROB_FLOOR"": 0.012954371866157454}"
a8be24e1-bd48-49bb-aa46-c5593da79f6f,293,22.740145,0.494777,95.937500,"{""DIRICHLET_ALPHA"": 0.08659179726391984, ""OBSERVED_POSTERIOR_TEMPERATURE"": 1.007851955260033, ""PROB_FLOOR"": 0.0025124914727797667}"
a8be24e1-bd48-49bb-aa46-c5593da79f6f,289,22.737636,0.494524,95.937500,"{""DIRICHLET_ALPHA"": 0.2269535898107296, ""OBSERVED_POSTERIOR_TEMPERATURE"": 0.89184603872191, ""PROB_FLOOR"": 0.009790769819320233}"
a8be24e1-bd48-49bb-aa46-c5593da79f6f,283,22.721294,0.494749,95.937500,"{""DIRICHLET_ALPHA"": 0.1738195835702129, ""OBSERVED_POSTERIOR_TEMPERATURE"": 1.0080028960162226, ""PROB_FLOOR"": 0.00022057716960031354}"
a8be24e1-bd48-49bb-aa46-c5593da79f6f,111,22.715169,0.495144,95.937500,"{""DIRICHLET_ALPHA"": 0.058577102350172404, ""OBSERVED_POSTERIOR_TEMPERATURE"": 1.1439572649241163, ""PROB_FLOOR"": 0.003963106071630512}"
a8be24e1-bd48-49bb-aa46-c5593da79f6f,173,22.701273,0.495044,95.937500,"{""DIRICHLET_ALPHA"": 0.18824621601402056, ""OBSERVED_POSTERIOR_TEMPERATURE"": 0.9755573479207957, ""PROB_FLOOR"": 0.0001080862725784154}"
a8be24e1-bd48-49bb-aa46-c5593da79f6f,182,22.699947,0.495366,95.937500,"{""DIRICHLET_ALPHA"": 0.04398301325650593, ""OBSERVED_POSTERIOR_TEMPERATURE"": 1.246128665730509, ""PROB_FLOOR"": 0.0010739026411600377}"
a8be24e1-bd48-49bb-aa46-c5593da79f6f,82,22.675018,0.495419,95.937500,"{""DIRICHLET_ALPHA"": 0.15544379696800262, ""OBSERVED_POSTERIOR_TEMPERATURE"": 1.0623078362396214, ""PROB_FLOOR"": 0.009903748283986226}"
a8be24e1-bd48-49bb-aa46-c5593da79f6f,235,22.670152,0.495506,95.937500,"{""DIRICHLET_ALPHA"": 0.2198354476697938, ""OBSERVED_POSTERIOR_TEMPERATURE"": 0.912176625633369, ""PROB_FLOOR"": 0.00044819596923838636}"
a8be24e1-bd48-49bb-aa46-c5593da79f6f,39,22.668009,0.495536,95.937500,"{""DIRICHLET_ALPHA"": 0.2155874281821701, ""OBSERVED_POSTERIOR_TEMPERATURE"": 0.9207091131756927, ""PROB_FLOOR"": 0.005553859880185812}"
a8be24e1-bd48-49bb-aa46-c5593da79f6f,239,22.663144,0.495915,95.937500,"{""DIRICHLET_ALPHA"": 0.05444304278885622, ""OBSERVED_POSTERIOR_TEMPERATURE"": 1.1650359344917356, ""PROB_FLOOR"": 0.0019633272191702067}"
a8be24e1-bd48-49bb-aa46-c5593da79f6f,258,22.636154,0.495986,95.937500,"{""DIRICHLET_ALPHA"": 0.1516468918638703, ""OBSERVED_POSTERIOR_TEMPERATURE"": 1.0776848201722706, ""PROB_FLOOR"": 0.008988790656853485}"
a8be24e1-bd48-49bb-aa46-c5593da79f6f,246,22.633439,0.496357,95.937500,"{""DIRICHLET_ALPHA"": 0.059684929965954876, ""OBSERVED_POSTERIOR_TEMPERATURE"": 1.1292758902439655, ""PROB_FLOOR"": 0.0004951817247852921}"
a8be24e1-bd48-49bb-aa46-c5593da79f6f,292,22.586090,0.496728,95.937500,"{""DIRICHLET_ALPHA"": 0.18263500808579766, ""OBSERVED_POSTERIOR_TEMPERATURE"": 1.0008578721422723, ""PROB_FLOOR"": 0.011000527309246092}"
a8be24e1-bd48-49bb-aa46-c5593da79f6f,74,22.543109,0.497704,95.937500,"{""DIRICHLET_ALPHA"": 0.08222768602742553, ""OBSERVED_POSTERIOR_TEMPERATURE"": 1.0090312775299761, ""PROB_FLOOR"": 0.0013296682670590559}"
a8be24e1-bd48-49bb-aa46-c5593da79f6f,125,22.542483,0.497713,95.937500,"{""DIRICHLET_ALPHA"": 0.08546559524902309, ""OBSERVED_POSTERIOR_TEMPERATURE"": 0.9956768071088216, ""PROB_FLOOR"": 0.00023041290095494665}"
a8be24e1-bd48-49bb-aa46-c5593da79f6f,62,22.538122,0.497435,95.937500,"{""DIRICHLET_ALPHA"": 0.19528298370663713, ""OBSERVED_POSTERIOR_TEMPERATURE"": 0.9763716207323172, ""PROB_FLOOR"": 0.0033252239915676895}"
a8be24e1-bd48-49bb-aa46-c5593da79f6f,209,22.528033,0.497558,95.937500,"{""DIRICHLET_ALPHA"": 0.10877824052657437, ""OBSERVED_POSTERIOR_TEMPERATURE"": 1.2411667916295361, ""PROB_FLOOR"": 0.006690659775658857}"
a8be24e1-bd48-49bb-aa46-c5593da79f6f,58,22.520711,0.498037,95.937500,"{""DIRICHLET_ALPHA"": 0.07143162173622465, ""OBSERVED_POSTERIOR_TEMPERATURE"": 1.0560228516926857, ""PROB_FLOOR"": 0.014220020127606627}"
a8be24e1-bd48-49bb-aa46-c5593da79f6f,154,22.508639,0.497856,95.937500,"{""DIRICHLET_ALPHA"": 0.14737915599007298, ""OBSERVED_POSTERIOR_TEMPERATURE"": 1.1045633368431107, ""PROB_FLOOR"": 0.00021567489025899034}"
a8be24e1-bd48-49bb-aa46-c5593da79f6f,127,22.502816,0.497952,95.937500,"{""DIRICHLET_ALPHA"": 0.18512457008257072, ""OBSERVED_POSTERIOR_TEMPERATURE"": 1.0033279291109638, ""PROB_FLOOR"": 0.0018701827637957304}"
a8be24e1-bd48-49bb-aa46-c5593da79f6f,110,22.501189,0.497970,95.937500,"{""DIRICHLET_ALPHA"": 0.16190023102422899, ""OBSERVED_POSTERIOR_TEMPERATURE"": 1.0630889104262962, ""PROB_FLOOR"": 0.0004600000857287516}"
a8be24e1-bd48-49bb-aa46-c5593da79f6f,120,22.495691,0.498041,95.937500,"{""DIRICHLET_ALPHA"": 0.12811677173810299, ""OBSERVED_POSTERIOR_TEMPERATURE"": 1.1696978866048267, ""PROB_FLOOR"": 0.002393673520347111}"
a8be24e1-bd48-49bb-aa46-c5593da79f6f,105,22.472200,0.498763,95.937500,"{""DIRICHLET_ALPHA"": 0.09820283442763071, ""OBSERVED_POSTERIOR_TEMPERATURE"": 0.9430279762115494, ""PROB_FLOOR"": 0.0006961496908331806}"
a8be24e1-bd48-49bb-aa46-c5593da79f6f,49,22.471078,0.498779,95.937500,"{""DIRICHLET_ALPHA"": 0.07407415914205445, ""OBSERVED_POSTERIOR_TEMPERATURE"": 1.0393957604227815, ""PROB_FLOOR"": 0.0005789068572483128}"
a8be24e1-bd48-49bb-aa46-c5593da79f6f,32,22.465483,0.498863,95.937500,"{""DIRICHLET_ALPHA"": 0.08236290139549036, ""OBSERVED_POSTERIOR_TEMPERATURE"": 1.002408490438593, ""PROB_FLOOR"": 0.002816112265668984}"
a8be24e1-bd48-49bb-aa46-c5593da79f6f,188,22.455872,0.498650,95.937500,"{""DIRICHLET_ALPHA"": 0.21246121234300988, ""OBSERVED_POSTERIOR_TEMPERATURE"": 0.9474669816222854, ""PROB_FLOOR"": 0.002927210882777061}"
a8be24e1-bd48-49bb-aa46-c5593da79f6f,143,22.447164,0.498779,95.937500,"{""DIRICHLET_ALPHA"": 0.2138581223015375, ""OBSERVED_POSTERIOR_TEMPERATURE"": 0.9454211282509554, ""PROB_FLOOR"": 0.0001354046136524328}"
a8be24e1-bd48-49bb-aa46-c5593da79f6f,114,22.447073,0.499139,95.937500,"{""DIRICHLET_ALPHA"": 0.04297790320907252, ""OBSERVED_POSTERIOR_TEMPERATURE"": 1.2243759290802503, ""PROB_FLOOR"": 0.016048134871791242}"
a8be24e1-bd48-49bb-aa46-c5593da79f6f,280,22.444319,0.498792,95.937500,"{""DIRICHLET_ALPHA"": 0.11062537309619322, ""OBSERVED_POSTERIOR_TEMPERATURE"": 1.243366830397175, ""PROB_FLOOR"": 0.0015259525149995175}"
a8be24e1-bd48-49bb-aa46-c5593da79f6f,126,22.403647,0.499427,95.937500,"{""DIRICHLET_ALPHA"": 0.23467059121017858, ""OBSERVED_POSTERIOR_TEMPERATURE"": 0.9091133490168767, ""PROB_FLOOR"": 0.001016668307518164}"
a8be24e1-bd48-49bb-aa46-c5593da79f6f,185,22.400927,0.499466,95.937500,"{""DIRICHLET_ALPHA"": 0.2277048693174916, ""OBSERVED_POSTERIOR_TEMPERATURE"": 0.9223706608923472, ""PROB_FLOOR"": 0.00012667558093394348}"
a8be24e1-bd48-49bb-aa46-c5593da79f6f,252,22.391371,0.499594,95.937500,"{""DIRICHLET_ALPHA"": 0.1739820058381151, ""OBSERVED_POSTERIOR_TEMPERATURE"": 1.041945360220426, ""PROB_FLOOR"": 0.00033495125825092845}"
a8be24e1-bd48-49bb-aa46-c5593da79f6f,170,22.342478,0.500306,95.937500,"{""DIRICHLET_ALPHA"": 0.12859399516418163, ""OBSERVED_POSTERIOR_TEMPERATURE"": 1.1849529449380274, ""PROB_FLOOR"": 0.00018470151850827303}"
a8be24e1-bd48-49bb-aa46-c5593da79f6f,172,22.337112,0.500789,95.937500,"{""DIRICHLET_ALPHA"": 0.090191209720371, ""OBSERVED_POSTERIOR_TEMPERATURE"": 0.9622445744534623, ""PROB_FLOOR"": 0.00024996961651256366}"
a8be24e1-bd48-49bb-aa46-c5593da79f6f,264,22.327702,0.500929,95.937500,"{""DIRICHLET_ALPHA"": 0.061925366854096345, ""OBSERVED_POSTERIOR_TEMPERATURE"": 1.090293567545057, ""PROB_FLOOR"": 0.0008959009883796026}"
a8be24e1-bd48-49bb-aa46-c5593da79f6f,254,22.291762,0.501074,95.937500,"{""DIRICHLET_ALPHA"": 0.18077392998322667, ""OBSERVED_POSTERIOR_TEMPERATURE"": 1.0343078420958265, ""PROB_FLOOR"": 0.00022184223223749175}"
a8be24e1-bd48-49bb-aa46-c5593da79f6f,137,22.282073,0.501234,95.937500,"{""DIRICHLET_ALPHA"": 0.24978513531381727, ""OBSERVED_POSTERIOR_TEMPERATURE"": 0.8925678127485531, ""PROB_FLOOR"": 0.003396838452068536}"
a8be24e1-bd48-49bb-aa46-c5593da79f6f,71,22.223070,0.502089,95.937500,"{""DIRICHLET_ALPHA"": 0.14946798621301657, ""OBSERVED_POSTERIOR_TEMPERATURE"": 1.1277049742571545, ""PROB_FLOOR"": 0.0002880606914500045}"
a8be24e1-bd48-49bb-aa46-c5593da79f6f,279,22.203577,0.502379,95.937500,"{""DIRICHLET_ALPHA"": 0.14606507087665285, ""OBSERVED_POSTERIOR_TEMPERATURE"": 1.1403078538861735, ""PROB_FLOOR"": 0.005550998954372613}"
a8be24e1-bd48-49bb-aa46-c5593da79f6f,295,22.198185,0.502452,95.937500,"{""DIRICHLET_ALPHA"": 0.12223366159038314, ""OBSERVED_POSTERIOR_TEMPERATURE"": 1.224152547826598, ""PROB_FLOOR"": 0.00028346994257249814}"
a8be24e1-bd48-49bb-aa46-c5593da79f6f,41,22.180598,0.502728,95.937500,"{""DIRICHLET_ALPHA"": 0.1659631843731568, ""OBSERVED_POSTERIOR_TEMPERATURE"": 1.0836391875650941, ""PROB_FLOOR"": 0.00015639466661316627}"
a8be24e1-bd48-49bb-aa46-c5593da79f6f,160,22.174947,0.502812,95.937500,"{""DIRICHLET_ALPHA"": 0.16231098818038311, ""OBSERVED_POSTERIOR_TEMPERATURE"": 1.0943950188146512, ""PROB_FLOOR"": 0.0008854520793377125}"
a8be24e1-bd48-49bb-aa46-c5593da79f6f,286,22.110468,0.503784,95.937500,"{""DIRICHLET_ALPHA"": 0.18603877709507916, ""OBSERVED_POSTERIOR_TEMPERATURE"": 1.0379203552699312, ""PROB_FLOOR"": 0.010477102380015936}"
a8be24e1-bd48-49bb-aa46-c5593da79f6f,153,22.109932,0.503772,95.937500,"{""DIRICHLET_ALPHA"": 0.12005455419003755, ""OBSERVED_POSTERIOR_TEMPERATURE"": 1.2420108718216771, ""PROB_FLOOR"": 0.006358961289255567}"
a8be24e1-bd48-49bb-aa46-c5593da79f6f,221,22.073500,0.504348,95.937500,"{""DIRICHLET_ALPHA"": 0.22277381492124862, ""OBSERVED_POSTERIOR_TEMPERATURE"": 0.9599300203020268, ""PROB_FLOOR"": 0.0002700632367627077}"
a8be24e1-bd48-49bb-aa46-c5593da79f6f,85,22.056167,0.505039,95.937500,"{""DIRICHLET_ALPHA"": 0.06948149510832595, ""OBSERVED_POSTERIOR_TEMPERATURE"": 1.03155875283052, ""PROB_FLOOR"": 0.0003502058809900526}"
a8be24e1-bd48-49bb-aa46-c5593da79f6f,195,22.052291,0.505098,95.937500,"{""DIRICHLET_ALPHA"": 0.10565260160836974, ""OBSERVED_POSTERIOR_TEMPERATURE"": 0.8919918863584282, ""PROB_FLOOR"": 0.012878837007394148}"
a8be24e1-bd48-49bb-aa46-c5593da79f6f,251,22.047586,0.505170,95.937500,"{""DIRICHLET_ALPHA"": 0.08739770583225515, ""OBSERVED_POSTERIOR_TEMPERATURE"": 0.9541394173661, ""PROB_FLOOR"": 0.0003611690792197007}"
a8be24e1-bd48-49bb-aa46-c5593da79f6f,191,22.017090,0.505194,95.937500,"{""DIRICHLET_ALPHA"": 0.21267492958892475, ""OBSERVED_POSTERIOR_TEMPERATURE"": 0.9853825933189304, ""PROB_FLOOR"": 0.0012880026891098591}"
a8be24e1-bd48-49bb-aa46-c5593da79f6f,130,21.991892,0.506015,95.937500,"{""DIRICHLET_ALPHA"": 0.03843485853208992, ""OBSERVED_POSTERIOR_TEMPERATURE"": 1.2304778640015366, ""PROB_FLOOR"": 0.00904122884938537}"
a8be24e1-bd48-49bb-aa46-c5593da79f6f,261,21.987424,0.505646,95.937500,"{""DIRICHLET_ALPHA"": 0.2305104834166434, ""OBSERVED_POSTERIOR_TEMPERATURE"": 0.9517053935016629, ""PROB_FLOOR"": 0.0011098188315017004}"
a8be24e1-bd48-49bb-aa46-c5593da79f6f,250,21.978760,0.505769,95.937500,"{""DIRICHLET_ALPHA"": 0.19733947300638024, ""OBSERVED_POSTERIOR_TEMPERATURE"": 1.0225308080585798, ""PROB_FLOOR"": 0.008605349712385647}"
a8be24e1-bd48-49bb-aa46-c5593da79f6f,231,21.964451,0.505992,95.937500,"{""DIRICHLET_ALPHA"": 0.22527923170551886, ""OBSERVED_POSTERIOR_TEMPERATURE"": 0.9638163500447301, ""PROB_FLOOR"": 0.00034731486292748293}"
a8be24e1-bd48-49bb-aa46-c5593da79f6f,56,21.951620,0.506182,95.937500,"{""DIRICHLET_ALPHA"": 0.20914953835177916, ""OBSERVED_POSTERIOR_TEMPERATURE"": 0.9983689135449755, ""PROB_FLOOR"": 0.007227338332164969}"
a8be24e1-bd48-49bb-aa46-c5593da79f6f,233,21.949635,0.506196,95.937500,"{""DIRICHLET_ALPHA"": 0.15177875059930387, ""OBSERVED_POSTERIOR_TEMPERATURE"": 1.1469271797671907, ""PROB_FLOOR"": 0.003183539045135067}"
a8be24e1-bd48-49bb-aa46-c5593da79f6f,92,21.929740,0.506503,95.937500,"{""DIRICHLET_ALPHA"": 0.17337148643188155, ""OBSERVED_POSTERIOR_TEMPERATURE"": 1.0864575264443885, ""PROB_FLOOR"": 0.0008041740426440155}"
a8be24e1-bd48-49bb-aa46-c5593da79f6f,121,21.921877,0.507086,95.937500,"{""DIRICHLET_ALPHA"": 0.03873606124026947, ""OBSERVED_POSTERIOR_TEMPERATURE"": 1.2224944942760407, ""PROB_FLOOR"": 0.00018592517612836423}"
a8be24e1-bd48-49bb-aa46-c5593da79f6f,245,21.909924,0.507272,95.937500,"{""DIRICHLET_ALPHA"": 0.10228105071758273, ""OBSERVED_POSTERIOR_TEMPERATURE"": 0.8946401472996907, ""PROB_FLOOR"": 0.00013778928193756767}"
a8be24e1-bd48-49bb-aa46-c5593da79f6f,164,21.891631,0.507082,95.937500,"{""DIRICHLET_ALPHA"": 0.17848052346648913, ""OBSERVED_POSTERIOR_TEMPERATURE"": 1.0763087601727683, ""PROB_FLOOR"": 0.0030922992069501846}"
a8be24e1-bd48-49bb-aa46-c5593da79f6f,201,21.888423,0.507134,95.937500,"{""DIRICHLET_ALPHA"": 0.19274381516416184, ""OBSERVED_POSTERIOR_TEMPERATURE"": 1.0410023494510932, ""PROB_FLOOR"": 0.011957877650068595}"
a8be24e1-bd48-49bb-aa46-c5593da79f6f,159,21.886956,0.507625,95.937500,"{""DIRICHLET_ALPHA"": 0.0831291049025995, ""OBSERVED_POSTERIOR_TEMPERATURE"": 0.961230218312503, ""PROB_FLOOR"": 0.0009642227886257443}"
a8be24e1-bd48-49bb-aa46-c5593da79f6f,112,21.885020,0.507652,95.937500,"{""DIRICHLET_ALPHA"": 0.041704680952370544, ""OBSERVED_POSTERIOR_TEMPERATURE"": 1.1942876273303575, ""PROB_FLOOR"": 0.00258865040467789}"
a8be24e1-bd48-49bb-aa46-c5593da79f6f,28,21.880546,0.507257,95.937500,"{""DIRICHLET_ALPHA"": 0.2053648923198483, ""OBSERVED_POSTERIOR_TEMPERATURE"": 1.0125547445760281, ""PROB_FLOOR"": 0.00024212393072538835}"
a8be24e1-bd48-49bb-aa46-c5593da79f6f,268,21.843129,0.507829,95.937500,"{""DIRICHLET_ALPHA"": 0.2236046697082469, ""OBSERVED_POSTERIOR_TEMPERATURE"": 0.9768612684519915, ""PROB_FLOOR"": 0.0023217222342137964}"
a8be24e1-bd48-49bb-aa46-c5593da79f6f,64,21.840119,0.507878,95.937500,"{""DIRICHLET_ALPHA"": 0.23483515612810701, ""OBSERVED_POSTERIOR_TEMPERATURE"": 0.9549842063691458, ""PROB_FLOOR"": 0.0003582880493003211}"
a8be24e1-bd48-49bb-aa46-c5593da79f6f,273,21.819317,0.508168,95.937500,"{""DIRICHLET_ALPHA"": 0.13868809914673005, ""OBSERVED_POSTERIOR_TEMPERATURE"": 1.202152120051077, ""PROB_FLOOR"": 0.002692288949732435}"
a8be24e1-bd48-49bb-aa46-c5593da79f6f,227,21.802035,0.508928,95.937500,"{""DIRICHLET_ALPHA"": 0.09769083116779202, ""OBSERVED_POSTERIOR_TEMPERATURE"": 0.9037467653252246, ""PROB_FLOOR"": 0.00014271950749650034}"
a8be24e1-bd48-49bb-aa46-c5593da79f6f,68,21.756650,0.509120,95.937500,"{""DIRICHLET_ALPHA"": 0.13017788468856215, ""OBSERVED_POSTERIOR_TEMPERATURE"": 1.238730570424387, ""PROB_FLOOR"": 0.00021427142401116083}"
a8be24e1-bd48-49bb-aa46-c5593da79f6f,163,21.755775,0.509642,95.937500,"{""DIRICHLET_ALPHA"": 0.06414228836901063, ""OBSERVED_POSTERIOR_TEMPERATURE"": 1.039653070036068, ""PROB_FLOOR"": 0.0020732575050854117}"
a8be24e1-bd48-49bb-aa46-c5593da79f6f,189,21.744039,0.509325,95.937500,"{""DIRICHLET_ALPHA"": 0.17084878128432518, ""OBSERVED_POSTERIOR_TEMPERATURE"": 1.1096596200537097, ""PROB_FLOOR"": 0.005684299387372518}"
a8be24e1-bd48-49bb-aa46-c5593da79f6f,26,21.719774,0.510198,95.937500,"{""DIRICHLET_ALPHA"": 0.08046250186400405, ""OBSERVED_POSTERIOR_TEMPERATURE"": 0.9625535568087986, ""PROB_FLOOR"": 0.0033297220635993096}"
a8be24e1-bd48-49bb-aa46-c5593da79f6f,196,21.692546,0.510618,95.937500,"{""DIRICHLET_ALPHA"": 0.0526015797848722, ""OBSERVED_POSTERIOR_TEMPERATURE"": 1.102332896145897, ""PROB_FLOOR"": 0.0006016833059415576}"
a8be24e1-bd48-49bb-aa46-c5593da79f6f,232,21.683151,0.510270,95.937500,"{""DIRICHLET_ALPHA"": 0.22817555546150764, ""OBSERVED_POSTERIOR_TEMPERATURE"": 0.9801370922066708, ""PROB_FLOOR"": 0.0016517591723379434}"
a8be24e1-bd48-49bb-aa46-c5593da79f6f,156,21.674506,0.510387,95.937500,"{""DIRICHLET_ALPHA"": 0.16581595725887413, ""OBSERVED_POSTERIOR_TEMPERATURE"": 1.1299103778356265, ""PROB_FLOOR"": 0.014566900115465617}"
a8be24e1-bd48-49bb-aa46-c5593da79f6f,115,21.670854,0.510439,95.937500,"{""DIRICHLET_ALPHA"": 0.15248368107192498, ""OBSERVED_POSTERIOR_TEMPERATURE"": 1.1703536704340387, ""PROB_FLOOR"": 0.006310088359231804}"
a8be24e1-bd48-49bb-aa46-c5593da79f6f,35,21.628540,0.511111,95.937500,"{""DIRICHLET_ALPHA"": 0.24260233056345373, ""OBSERVED_POSTERIOR_TEMPERATURE"": 0.9563479845838079, ""PROB_FLOOR"": 0.006181972646804762}"
a8be24e1-bd48-49bb-aa46-c5593da79f6f,147,21.621133,0.511204,95.937500,"{""DIRICHLET_ALPHA"": 0.16120284269833568, ""OBSERVED_POSTERIOR_TEMPERATURE"": 1.1480752513315378, ""PROB_FLOOR"": 0.00906987975634654}"
a8be24e1-bd48-49bb-aa46-c5593da79f6f,107,21.586258,0.511760,95.937500,"{""DIRICHLET_ALPHA"": 0.2377259024116817, ""OBSERVED_POSTERIOR_TEMPERATURE"": 0.9687505898285141, ""PROB_FLOOR"": 0.012811513688264834}"
a8be24e1-bd48-49bb-aa46-c5593da79f6f,242,21.550228,0.512825,95.937500,"{""DIRICHLET_ALPHA"": 0.03472064419123811, ""OBSERVED_POSTERIOR_TEMPERATURE"": 1.233909808931688, ""PROB_FLOOR"": 0.0001243030871021178}"
a8be24e1-bd48-49bb-aa46-c5593da79f6f,253,21.520594,0.512770,95.937500,"{""DIRICHLET_ALPHA"": 0.23329230822139613, ""OBSERVED_POSTERIOR_TEMPERATURE"": 0.9822942968219467, ""PROB_FLOOR"": 0.0001293330044939772}"
a8be24e1-bd48-49bb-aa46-c5593da79f6f,22,21.491647,0.513199,95.937500,"{""DIRICHLET_ALPHA"": 0.1623323968001418, ""OBSERVED_POSTERIOR_TEMPERATURE"": 1.1559995429664103, ""PROB_FLOOR"": 0.0018759990819465762}"
a8be24e1-bd48-49bb-aa46-c5593da79f6f,101,21.464324,0.514166,95.937500,"{""DIRICHLET_ALPHA"": 0.0422925300191553, ""OBSERVED_POSTERIOR_TEMPERATURE"": 1.1615985418312516, ""PROB_FLOOR"": 0.001709843976150127}"
a8be24e1-bd48-49bb-aa46-c5593da79f6f,57,21.451783,0.513835,95.937500,"{""DIRICHLET_ALPHA"": 0.2386958548167388, ""OBSERVED_POSTERIOR_TEMPERATURE"": 0.9768555571290861, ""PROB_FLOOR"": 0.00046677869739913014}"
a8be24e1-bd48-49bb-aa46-c5593da79f6f,169,21.410118,0.514472,95.937500,"{""DIRICHLET_ALPHA"": 0.20196889858332076, ""OBSERVED_POSTERIOR_TEMPERATURE"": 1.0581100458962276, ""PROB_FLOOR"": 0.0005287332118189367}"
a8be24e1-bd48-49bb-aa46-c5593da79f6f,67,21.366179,0.515704,95.937500,"{""DIRICHLET_ALPHA"": 0.08447768149602274, ""OBSERVED_POSTERIOR_TEMPERATURE"": 0.9285738662858293, ""PROB_FLOOR"": 0.006138059979885341}"
a8be24e1-bd48-49bb-aa46-c5593da79f6f,203,21.361874,0.515771,95.937500,"{""DIRICHLET_ALPHA"": 0.03738497708407292, ""OBSERVED_POSTERIOR_TEMPERATURE"": 1.1967205753047705, ""PROB_FLOOR"": 0.0048367212282037116}"
a8be24e1-bd48-49bb-aa46-c5593da79f6f,27,21.339126,0.515574,95.937500,"{""DIRICHLET_ALPHA"": 0.19813557018553923, ""OBSERVED_POSTERIOR_TEMPERATURE"": 1.0728128609365113, ""PROB_FLOOR"": 0.0033722607109971424}"
a8be24e1-bd48-49bb-aa46-c5593da79f6f,38,21.332407,0.516234,95.937500,"{""DIRICHLET_ALPHA"": 0.0834295897961566, ""OBSERVED_POSTERIOR_TEMPERATURE"": 0.9309453459180921, ""PROB_FLOOR"": 0.0021488445961337136}"
a8be24e1-bd48-49bb-aa46-c5593da79f6f,186,21.314017,0.516524,95.937500,"{""DIRICHLET_ALPHA"": 0.0800942392754868, ""OBSERVED_POSTERIOR_TEMPERATURE"": 0.9431409139774825, ""PROB_FLOOR"": 0.0013410789555038595}"
a8be24e1-bd48-49bb-aa46-c5593da79f6f,226,21.286611,0.516400,95.937500,"{""DIRICHLET_ALPHA"": 0.22967170246853316, ""OBSERVED_POSTERIOR_TEMPERATURE"": 1.0069476371687176, ""PROB_FLOOR"": 0.0013896587653375446}"
a8be24e1-bd48-49bb-aa46-c5593da79f6f,213,21.285503,0.516405,95.937500,"{""DIRICHLET_ALPHA"": 0.18118196711480755, ""OBSERVED_POSTERIOR_TEMPERATURE"": 1.1201222514669937, ""PROB_FLOOR"": 0.006019460519292443}"
a8be24e1-bd48-49bb-aa46-c5593da79f6f,236,21.257112,0.516853,95.937500,"{""DIRICHLET_ALPHA"": 0.20007386203392977, ""OBSERVED_POSTERIOR_TEMPERATURE"": 1.074595757765754, ""PROB_FLOOR"": 0.006350317676795212}"
a8be24e1-bd48-49bb-aa46-c5593da79f6f,193,21.237683,0.517143,95.937500,"{""DIRICHLET_ALPHA"": 0.15090974572887533, ""OBSERVED_POSTERIOR_TEMPERATURE"": 1.21382089754854, ""PROB_FLOOR"": 0.009028817762460112}"
a8be24e1-bd48-49bb-aa46-c5593da79f6f,24,21.235987,0.517755,95.937500,"{""DIRICHLET_ALPHA"": 0.061500321476687006, ""OBSERVED_POSTERIOR_TEMPERATURE"": 1.024686955692945, ""PROB_FLOOR"": 0.000870193591378947}"
a8be24e1-bd48-49bb-aa46-c5593da79f6f,7,21.225126,0.517342,95.937500,"{""DIRICHLET_ALPHA"": 0.16159945578929558, ""OBSERVED_POSTERIOR_TEMPERATURE"": 1.181052468797033, ""PROB_FLOOR"": 0.005541174183937701}"
a8be24e1-bd48-49bb-aa46-c5593da79f6f,44,21.211719,0.518138,95.937500,"{""DIRICHLET_ALPHA"": 0.05094231244885267, ""OBSERVED_POSTERIOR_TEMPERATURE"": 1.0850578288710848, ""PROB_FLOOR"": 0.013420734110316497}"
a8be24e1-bd48-49bb-aa46-c5593da79f6f,190,21.185879,0.518544,95.937500,"{""DIRICHLET_ALPHA"": 0.09798601238382697, ""OBSERVED_POSTERIOR_TEMPERATURE"": 0.8732433926885789, ""PROB_FLOOR"": 0.0017414583864494482}"
a8be24e1-bd48-49bb-aa46-c5593da79f6f,181,21.163999,0.518294,95.937500,"{""DIRICHLET_ALPHA"": 0.14343266272682761, ""OBSERVED_POSTERIOR_TEMPERATURE"": 1.2456532010734422, ""PROB_FLOOR"": 0.00850864454440297}"
a8be24e1-bd48-49bb-aa46-c5593da79f6f,176,21.153339,0.518488,95.937500,"{""DIRICHLET_ALPHA"": 0.24002300341623337, ""OBSERVED_POSTERIOR_TEMPERATURE"": 0.995967744431301, ""PROB_FLOOR"": 0.01947907307983055}"
a8be24e1-bd48-49bb-aa46-c5593da79f6f,123,21.143874,0.518619,95.937500,"{""DIRICHLET_ALPHA"": 0.17109553919406223, ""OBSERVED_POSTERIOR_TEMPERATURE"": 1.1597285664567374, ""PROB_FLOOR"": 0.0005852842590949302}"
a8be24e1-bd48-49bb-aa46-c5593da79f6f,8,21.131432,0.518833,95.937500,"{""DIRICHLET_ALPHA"": 0.2429675258547768, ""OBSERVED_POSTERIOR_TEMPERATURE"": 0.9918103872519474, ""PROB_FLOOR"": 0.011328660945802163}"
a8be24e1-bd48-49bb-aa46-c5593da79f6f,161,21.091036,0.520052,95.937500,"{""DIRICHLET_ALPHA"": 0.062230846407270876, ""OBSERVED_POSTERIOR_TEMPERATURE"": 1.0135132437714789, ""PROB_FLOOR"": 0.0022547810247989233}"
a8be24e1-bd48-49bb-aa46-c5593da79f6f,267,21.080876,0.519613,95.937500,"{""DIRICHLET_ALPHA"": 0.1799418965640611, ""OBSERVED_POSTERIOR_TEMPERATURE"": 1.1400733283403475, ""PROB_FLOOR"": 0.004997293865537314}"
a8be24e1-bd48-49bb-aa46-c5593da79f6f,102,21.028321,0.520451,95.937500,"{""DIRICHLET_ALPHA"": 0.2158173145894138, ""OBSERVED_POSTERIOR_TEMPERATURE"": 1.0556891480761657, ""PROB_FLOOR"": 0.0011599480546137817}"
a8be24e1-bd48-49bb-aa46-c5593da79f6f,135,21.023121,0.521153,95.937500,"{""DIRICHLET_ALPHA"": 0.036541218639066515, ""OBSERVED_POSTERIOR_TEMPERATURE"": 1.1625176141726064, ""PROB_FLOOR"": 0.019641728923441053}"
a8be24e1-bd48-49bb-aa46-c5593da79f6f,222,20.980843,0.521805,95.937500,"{""DIRICHLET_ALPHA"": 0.09206246525095849, ""OBSERVED_POSTERIOR_TEMPERATURE"": 0.8839246364943052, ""PROB_FLOOR"": 0.004472702781819032}"
a8be24e1-bd48-49bb-aa46-c5593da79f6f,17,20.960434,0.522134,95.937500,"{""DIRICHLET_ALPHA"": 0.04354059606623435, ""OBSERVED_POSTERIOR_TEMPERATURE"": 1.1229982015899902, ""PROB_FLOOR"": 0.0002882629758391921}"
a8be24e1-bd48-49bb-aa46-c5593da79f6f,109,20.944028,0.521772,95.937500,"{""DIRICHLET_ALPHA"": 0.1666209617344245, ""OBSERVED_POSTERIOR_TEMPERATURE"": 1.1894241955094498, ""PROB_FLOOR"": 0.007081107772491682}"
a8be24e1-bd48-49bb-aa46-c5593da79f6f,129,20.903712,0.522433,95.937500,"{""DIRICHLET_ALPHA"": 0.24679157078183728, ""OBSERVED_POSTERIOR_TEMPERATURE"": 1.0005437893923306, ""PROB_FLOOR"": 0.004475571944861136}"
a8be24e1-bd48-49bb-aa46-c5593da79f6f,78,20.796664,0.524138,95.937500,"{""DIRICHLET_ALPHA"": 0.2418956589143636, ""OBSERVED_POSTERIOR_TEMPERATURE"": 1.0176457277265216, ""PROB_FLOOR"": 0.00234908035226567}"
a8be24e1-bd48-49bb-aa46-c5593da79f6f,234,20.756333,0.525415,95.937500,"{""DIRICHLET_ALPHA"": 0.0679292947903991, ""OBSERVED_POSTERIOR_TEMPERATURE"": 0.9697533166059302, ""PROB_FLOOR"": 0.0005517373676078127}"
a8be24e1-bd48-49bb-aa46-c5593da79f6f,206,20.697460,0.525714,95.937500,"{""DIRICHLET_ALPHA"": 0.18999604910446447, ""OBSERVED_POSTERIOR_TEMPERATURE"": 1.1435013989751663, ""PROB_FLOOR"": 0.0006265180405872463}"
a8be24e1-bd48-49bb-aa46-c5593da79f6f,72,20.625280,0.526872,95.937500,"{""DIRICHLET_ALPHA"": 0.1816977111077924, ""OBSERVED_POSTERIOR_TEMPERATURE"": 1.1716498104729052, ""PROB_FLOOR"": 0.00500798718642345}"
a8be24e1-bd48-49bb-aa46-c5593da79f6f,19,20.598433,0.527310,95.937500,"{""DIRICHLET_ALPHA"": 0.1973749674452723, ""OBSERVED_POSTERIOR_TEMPERATURE"": 1.132066151450534, ""PROB_FLOOR"": 0.0011363347389960112}"
a8be24e1-bd48-49bb-aa46-c5593da79f6f,5,20.593351,0.527394,95.937500,"{""DIRICHLET_ALPHA"": 0.2074627871849992, ""OBSERVED_POSTERIOR_TEMPERATURE"": 1.1075460480322659, ""PROB_FLOOR"": 0.001046773349950196}"
a8be24e1-bd48-49bb-aa46-c5593da79f6f,48,20.587743,0.527492,95.937500,"{""DIRICHLET_ALPHA"": 0.2350783491939959, ""OBSERVED_POSTERIOR_TEMPERATURE"": 1.0462827977418083, ""PROB_FLOOR"": 0.002065258985994826}"
a8be24e1-bd48-49bb-aa46-c5593da79f6f,218,20.547044,0.528132,95.937500,"{""DIRICHLET_ALPHA"": 0.1711870741254061, ""OBSERVED_POSTERIOR_TEMPERATURE"": 1.2082539525534788, ""PROB_FLOOR"": 0.00035205801480229495}"
a8be24e1-bd48-49bb-aa46-c5593da79f6f,238,20.492487,0.529025,95.937500,"{""DIRICHLET_ALPHA"": 0.20551322634829186, ""OBSERVED_POSTERIOR_TEMPERATURE"": 1.1198389907916095, ""PROB_FLOOR"": 0.011908968025065775}"
a8be24e1-bd48-49bb-aa46-c5593da79f6f,54,20.462612,0.530207,95.937500,"{""DIRICHLET_ALPHA"": 0.035857827029415174, ""OBSERVED_POSTERIOR_TEMPERATURE"": 1.1574589967670628, ""PROB_FLOOR"": 0.012788724856326048}"
a8be24e1-bd48-49bb-aa46-c5593da79f6f,288,20.444721,0.529799,95.937500,"{""DIRICHLET_ALPHA"": 0.19791043120626037, ""OBSERVED_POSTERIOR_TEMPERATURE"": 1.1424543906611182, ""PROB_FLOOR"": 0.0020457274981299386}"
a8be24e1-bd48-49bb-aa46-c5593da79f6f,95,20.374610,0.531636,95.937500,"{""DIRICHLET_ALPHA"": 0.06985301819973083, ""OBSERVED_POSTERIOR_TEMPERATURE"": 0.9446979484417584, ""PROB_FLOOR"": 0.0020598476435714054}"
a8be24e1-bd48-49bb-aa46-c5593da79f6f,290,20.298159,0.532898,95.937500,"{""DIRICHLET_ALPHA"": 0.03396699451857508, ""OBSERVED_POSTERIOR_TEMPERATURE"": 1.1692389743273333, ""PROB_FLOOR"": 0.0002951983626441809}"
a8be24e1-bd48-49bb-aa46-c5593da79f6f,3,20.262289,0.532778,95.937500,"{""DIRICHLET_ALPHA"": 0.19865543326646892, ""OBSERVED_POSTERIOR_TEMPERATURE"": 1.1544558807961411, ""PROB_FLOOR"": 0.00019708853220570688}"
a8be24e1-bd48-49bb-aa46-c5593da79f6f,208,20.260002,0.532828,95.937500,"{""DIRICHLET_ALPHA"": 0.24652964067878227, ""OBSERVED_POSTERIOR_TEMPERATURE"": 1.0458798967267624, ""PROB_FLOOR"": 0.0011733807234211183}"
a8be24e1-bd48-49bb-aa46-c5593da79f6f,70,20.256390,0.533589,95.937500,"{""DIRICHLET_ALPHA"": 0.03923980111084747, ""OBSERVED_POSTERIOR_TEMPERATURE"": 1.121063469445143, ""PROB_FLOOR"": 0.0014606926458467766}"
a8be24e1-bd48-49bb-aa46-c5593da79f6f,145,20.184419,0.534061,95.937500,"{""DIRICHLET_ALPHA"": 0.21111525247729193, ""OBSERVED_POSTERIOR_TEMPERATURE"": 1.1292483135914548, ""PROB_FLOOR"": 0.00012369381630904453}"
a8be24e1-bd48-49bb-aa46-c5593da79f6f,214,20.109328,0.535294,95.937500,"{""DIRICHLET_ALPHA"": 0.18746355243436236, ""OBSERVED_POSTERIOR_TEMPERATURE"": 1.196182619222265, ""PROB_FLOOR"": 0.006950317782251648}"
a8be24e1-bd48-49bb-aa46-c5593da79f6f,100,20.101908,0.535419,95.937500,"{""DIRICHLET_ALPHA"": 0.19707460978511895, ""OBSERVED_POSTERIOR_TEMPERATURE"": 1.1708103521094375, ""PROB_FLOOR"": 0.0030040802825411442}"
a8be24e1-bd48-49bb-aa46-c5593da79f6f,86,20.096837,0.535505,95.937500,"{""DIRICHLET_ALPHA"": 0.2059765032217385, ""OBSERVED_POSTERIOR_TEMPERATURE"": 1.1484057120973785, ""PROB_FLOOR"": 0.00017463833560421176}"
a8be24e1-bd48-49bb-aa46-c5593da79f6f,20,20.026372,0.537416,95.937500,"{""DIRICHLET_ALPHA"": 0.04355127955063779, ""OBSERVED_POSTERIOR_TEMPERATURE"": 1.0774964783811574, ""PROB_FLOOR"": 0.00018340837757681847}"
a8be24e1-bd48-49bb-aa46-c5593da79f6f,131,19.909359,0.539380,95.937500,"{""DIRICHLET_ALPHA"": 0.03926120280042702, ""OBSERVED_POSTERIOR_TEMPERATURE"": 1.104829553596483, ""PROB_FLOOR"": 0.0022542049542330902}"
a8be24e1-bd48-49bb-aa46-c5593da79f6f,30,19.844496,0.540473,95.937500,"{""DIRICHLET_ALPHA"": 0.04870522696806443, ""OBSERVED_POSTERIOR_TEMPERATURE"": 1.034750892100555, ""PROB_FLOOR"": 0.0014203748791597607}"
a8be24e1-bd48-49bb-aa46-c5593da79f6f,81,19.815568,0.540189,95.937500,"{""DIRICHLET_ALPHA"": 0.2012361011980388, ""OBSERVED_POSTERIOR_TEMPERATURE"": 1.1817714459530946, ""PROB_FLOOR"": 0.0003428259645033734}"
a8be24e1-bd48-49bb-aa46-c5593da79f6f,225,19.778928,0.540798,95.937500,"{""DIRICHLET_ALPHA"": 0.17821144242895803, ""OBSERVED_POSTERIOR_TEMPERATURE"": 1.249032014905167, ""PROB_FLOOR"": 0.0023387808703872076}"
a8be24e1-bd48-49bb-aa46-c5593da79f6f,124,19.743483,0.541399,95.937500,"{""DIRICHLET_ALPHA"": 0.19300771529695657, ""OBSERVED_POSTERIOR_TEMPERATURE"": 1.2093466189446143, ""PROB_FLOOR"": 0.00041901576594076054}"
a8be24e1-bd48-49bb-aa46-c5593da79f6f,192,19.694214,0.542235,95.937500,"{""DIRICHLET_ALPHA"": 0.21448372405148058, ""OBSERVED_POSTERIOR_TEMPERATURE"": 1.1574510357837515, ""PROB_FLOOR"": 0.0014488399435435351}"
a8be24e1-bd48-49bb-aa46-c5593da79f6f,272,19.644666,0.543866,95.937500,"{""DIRICHLET_ALPHA"": 0.04045839412444315, ""OBSERVED_POSTERIOR_TEMPERATURE"": 1.0838555336536662, ""PROB_FLOOR"": 0.011582306661262112}"
a8be24e1-bd48-49bb-aa46-c5593da79f6f,262,19.612921,0.543619,95.937500,"{""DIRICHLET_ALPHA"": 0.24631588806823446, ""OBSERVED_POSTERIOR_TEMPERATURE"": 1.0913697817333285, ""PROB_FLOOR"": 0.0006784736426851952}"
a8be24e1-bd48-49bb-aa46-c5593da79f6f,2,19.580004,0.545010,95.937500,"{""DIRICHLET_ALPHA"": 0.032602563493035884, ""OBSERVED_POSTERIOR_TEMPERATURE"": 1.1289472116237456, ""PROB_FLOOR"": 0.017536035208162125}"
a8be24e1-bd48-49bb-aa46-c5593da79f6f,299,19.548992,0.544698,95.937500,"{""DIRICHLET_ALPHA"": 0.2214486524602888, ""OBSERVED_POSTERIOR_TEMPERATURE"": 1.1514018252001033, ""PROB_FLOOR"": 0.0004361749508518972}"
a8be24e1-bd48-49bb-aa46-c5593da79f6f,230,19.522336,0.545143,95.937500,"{""DIRICHLET_ALPHA"": 0.19047114917797972, ""OBSERVED_POSTERIOR_TEMPERATURE"": 1.2336837091378303, ""PROB_FLOOR"": 0.0017537604222638134}"
a8be24e1-bd48-49bb-aa46-c5593da79f6f,75,19.486980,0.545759,95.937500,"{""DIRICHLET_ALPHA"": 0.2393495816912728, ""OBSERVED_POSTERIOR_TEMPERATURE"": 1.1151456851054329, ""PROB_FLOOR"": 0.00045585457925145865}"
a8be24e1-bd48-49bb-aa46-c5593da79f6f,200,19.460594,0.546211,95.937500,"{""DIRICHLET_ALPHA"": 0.24563342741020852, ""OBSERVED_POSTERIOR_TEMPERATURE"": 1.1035079092277051, ""PROB_FLOOR"": 0.0026719155791500248}"
a8be24e1-bd48-49bb-aa46-c5593da79f6f,128,19.398194,0.547266,95.937500,"{""DIRICHLET_ALPHA"": 0.19727235853825412, ""OBSERVED_POSTERIOR_TEMPERATURE"": 1.224455994735385, ""PROB_FLOOR"": 0.0012663390444607669}"
a8be24e1-bd48-49bb-aa46-c5593da79f6f,174,19.344348,0.548195,95.937500,"{""DIRICHLET_ALPHA"": 0.21557152565789398, ""OBSERVED_POSTERIOR_TEMPERATURE"": 1.1808693698082746, ""PROB_FLOOR"": 0.0007181275998853708}"
a8be24e1-bd48-49bb-aa46-c5593da79f6f,47,19.300970,0.549780,95.937500,"{""DIRICHLET_ALPHA"": 0.029855199981385257, ""OBSERVED_POSTERIOR_TEMPERATURE"": 1.1630940909001146, ""PROB_FLOOR"": 0.001316176586715373}"
a8be24e1-bd48-49bb-aa46-c5593da79f6f,79,19.212419,0.550468,95.937500,"{""DIRICHLET_ALPHA"": 0.20304661974711297, ""OBSERVED_POSTERIOR_TEMPERATURE"": 1.2232092886400845, ""PROB_FLOOR"": 0.0011884411572694092}"
a8be24e1-bd48-49bb-aa46-c5593da79f6f,77,19.138327,0.552615,95.937500,"{""DIRICHLET_ALPHA"": 0.03541537690018079, ""OBSERVED_POSTERIOR_TEMPERATURE"": 1.103590044672434, ""PROB_FLOOR"": 0.0002102718197616041}"
a8be24e1-bd48-49bb-aa46-c5593da79f6f,202,19.107897,0.552292,95.937500,"{""DIRICHLET_ALPHA"": 0.2411706936518511, ""OBSERVED_POSTERIOR_TEMPERATURE"": 1.1382783786873407, ""PROB_FLOOR"": 0.00628943875891426}"
a8be24e1-bd48-49bb-aa46-c5593da79f6f,211,19.104939,0.552334,95.937500,"{""DIRICHLET_ALPHA"": 0.2074199417481836, ""OBSERVED_POSTERIOR_TEMPERATURE"": 1.2198806668879554, ""PROB_FLOOR"": 0.00012162774994098761}"
a8be24e1-bd48-49bb-aa46-c5593da79f6f,51,19.037951,0.553507,95.937500,"{""DIRICHLET_ALPHA"": 0.225078585241544, ""OBSERVED_POSTERIOR_TEMPERATURE"": 1.1805167696777432, ""PROB_FLOOR"": 0.0002101710552047278}"
a8be24e1-bd48-49bb-aa46-c5593da79f6f,11,18.942833,0.555177,95.937500,"{""DIRICHLET_ALPHA"": 0.2422023357842104, ""OBSERVED_POSTERIOR_TEMPERATURE"": 1.1479048623631267, ""PROB_FLOOR"": 0.0005615627908430815}"
a8be24e1-bd48-49bb-aa46-c5593da79f6f,144,18.932038,0.555364,95.937500,"{""DIRICHLET_ALPHA"": 0.2326709032413473, ""OBSERVED_POSTERIOR_TEMPERATURE"": 1.1703855414566706, ""PROB_FLOOR"": 0.005968281761880905}"
a8be24e1-bd48-49bb-aa46-c5593da79f6f,99,18.894984,0.556014,95.937500,"{""DIRICHLET_ALPHA"": 0.2266367545426281, ""OBSERVED_POSTERIOR_TEMPERATURE"": 1.187429980639101, ""PROB_FLOOR"": 0.017906576620001613}"
a8be24e1-bd48-49bb-aa46-c5593da79f6f,116,18.826356,0.557227,95.937500,"{""DIRICHLET_ALPHA"": 0.23704649507615927, ""OBSERVED_POSTERIOR_TEMPERATURE"": 1.1680459355932342, ""PROB_FLOOR"": 0.00038263237534292915}"
a8be24e1-bd48-49bb-aa46-c5593da79f6f,285,18.736089,0.558824,95.937500,"{""DIRICHLET_ALPHA"": 0.22901985859406349, ""OBSERVED_POSTERIOR_TEMPERATURE"": 1.1935931442230854, ""PROB_FLOOR"": 0.00030756650478108873}"
a8be24e1-bd48-49bb-aa46-c5593da79f6f,61,18.715433,0.559189,95.937500,"{""DIRICHLET_ALPHA"": 0.22442719352748716, ""OBSERVED_POSTERIOR_TEMPERATURE"": 1.20631699635141, ""PROB_FLOOR"": 0.0015608969388071518}"
a8be24e1-bd48-49bb-aa46-c5593da79f6f,199,18.555297,0.562969,95.937500,"{""DIRICHLET_ALPHA"": 0.07672530558419531, ""OBSERVED_POSTERIOR_TEMPERATURE"": 0.8529257825172062, ""PROB_FLOOR"": 0.004139777226613355}"
a8be24e1-bd48-49bb-aa46-c5593da79f6f,138,18.533467,0.563397,95.937500,"{""DIRICHLET_ALPHA"": 0.031705774476191856, ""OBSERVED_POSTERIOR_TEMPERATURE"": 1.1100500062235188, ""PROB_FLOOR"": 0.011565830343862493}"
a8be24e1-bd48-49bb-aa46-c5593da79f6f,168,18.525412,0.562585,95.937500,"{""DIRICHLET_ALPHA"": 0.231053727350846, ""OBSERVED_POSTERIOR_TEMPERATURE"": 1.204561154689483, ""PROB_FLOOR"": 0.001439977572050101}"
a8be24e1-bd48-49bb-aa46-c5593da79f6f,52,18.467977,0.564559,95.937500,"{""DIRICHLET_ALPHA"": 0.03605817787250645, ""OBSERVED_POSTERIOR_TEMPERATURE"": 1.0716144574156197, ""PROB_FLOOR"": 0.003516836790195143}"
a8be24e1-bd48-49bb-aa46-c5593da79f6f,223,18.371094,0.565372,95.937500,"{""DIRICHLET_ALPHA"": 0.24969840881602356, ""OBSERVED_POSTERIOR_TEMPERATURE"": 1.1729726423905127, ""PROB_FLOOR"": 0.00048043288996753455}"
a8be24e1-bd48-49bb-aa46-c5593da79f6f,224,18.265979,0.568242,95.937500,"{""DIRICHLET_ALPHA"": 0.04283710672711031, ""OBSERVED_POSTERIOR_TEMPERATURE"": 1.013176780452513, ""PROB_FLOOR"": 0.0020999329984630675}"
a8be24e1-bd48-49bb-aa46-c5593da79f6f,34,18.226476,0.567996,95.937500,"{""DIRICHLET_ALPHA"": 0.2280593657698257, ""OBSERVED_POSTERIOR_TEMPERATURE"": 1.2347590658198058, ""PROB_FLOOR"": 0.0040674891933811415}"
a8be24e1-bd48-49bb-aa46-c5593da79f6f,60,18.201037,0.568459,95.937500,"{""DIRICHLET_ALPHA"": 0.22400254390117935, ""OBSERVED_POSTERIOR_TEMPERATURE"": 1.2469502256223348, ""PROB_FLOOR"": 0.005269852318101131}"
a8be24e1-bd48-49bb-aa46-c5593da79f6f,158,18.152450,0.570331,95.937500,"{""DIRICHLET_ALPHA"": 0.038612206287458706, ""OBSERVED_POSTERIOR_TEMPERATURE"": 1.0396674917930473, ""PROB_FLOOR"": 0.0002034312195736581}"
a8be24e1-bd48-49bb-aa46-c5593da79f6f,117,18.108043,0.571152,95.937500,"{""DIRICHLET_ALPHA"": 0.03281180741545629, ""OBSERVED_POSTERIOR_TEMPERATURE"": 1.0860303581433237, ""PROB_FLOOR"": 0.0026132509085272895}"
a8be24e1-bd48-49bb-aa46-c5593da79f6f,300,17.912099,0.574790,95.937500,"{""DIRICHLET_ALPHA"": 0.05458387236906092, ""OBSERVED_POSTERIOR_TEMPERATURE"": 0.9308352406581912, ""PROB_FLOOR"": 0.0015871877142868884}"
a8be24e1-bd48-49bb-aa46-c5593da79f6f,97,17.763404,0.577588,95.937500,"{""DIRICHLET_ALPHA"": 0.034401256696891834, ""OBSERVED_POSTERIOR_TEMPERATURE"": 1.0595011794870548, ""PROB_FLOOR"": 0.008259517424518074}"
a8be24e1-bd48-49bb-aa46-c5593da79f6f,215,17.718787,0.578420,95.937500,"{""DIRICHLET_ALPHA"": 0.06628843610591166, ""OBSERVED_POSTERIOR_TEMPERATURE"": 0.8695854839293117, ""PROB_FLOOR"": 0.0026937970858634057}"
a8be24e1-bd48-49bb-aa46-c5593da79f6f,43,17.713088,0.578535,95.937500,"{""DIRICHLET_ALPHA"": 0.044685805327851255, ""OBSERVED_POSTERIOR_TEMPERATURE"": 0.9819444849331141, ""PROB_FLOOR"": 0.00017291267351787228}"
a8be24e1-bd48-49bb-aa46-c5593da79f6f,139,17.662776,0.579480,95.937500,"{""DIRICHLET_ALPHA"": 0.06779873392987529, ""OBSERVED_POSTERIOR_TEMPERATURE"": 0.8615998012817877, ""PROB_FLOOR"": 0.00021328008879667576}"
a8be24e1-bd48-49bb-aa46-c5593da79f6f,205,17.617141,0.579312,95.937500,"{""DIRICHLET_ALPHA"": 0.2462987395435899, ""OBSERVED_POSTERIOR_TEMPERATURE"": 1.2379260466822277, ""PROB_FLOOR"": 0.00046017705946349585}"
a8be24e1-bd48-49bb-aa46-c5593da79f6f,94,17.212423,0.588144,95.937500,"{""DIRICHLET_ALPHA"": 0.020434014883070065, ""OBSERVED_POSTERIOR_TEMPERATURE"": 1.1904526507288824, ""PROB_FLOOR"": 0.0002614847358701881}"
a8be24e1-bd48-49bb-aa46-c5593da79f6f,69,17.055974,0.591186,95.937500,"{""DIRICHLET_ALPHA"": 0.06511744719972526, ""OBSERVED_POSTERIOR_TEMPERATURE"": 0.8555745150832806, ""PROB_FLOOR"": 0.00020099770604240657}"
a8be24e1-bd48-49bb-aa46-c5593da79f6f,291,16.991679,0.592482,95.937500,"{""DIRICHLET_ALPHA"": 0.015553622699667143, ""OBSERVED_POSTERIOR_TEMPERATURE"": 1.1474401460430608, ""PROB_FLOOR"": 0.017873790265224836}"
a8be24e1-bd48-49bb-aa46-c5593da79f6f,180,16.563358,0.601005,95.937500,"{""DIRICHLET_ALPHA"": 0.049817648290368076, ""OBSERVED_POSTERIOR_TEMPERATURE"": 0.9155005217033183, ""PROB_FLOOR"": 0.00838493824281615}"
a8be24e1-bd48-49bb-aa46-c5593da79f6f,179,16.223081,0.607951,95.937500,"{""DIRICHLET_ALPHA"": 0.06017383806453795, ""OBSERVED_POSTERIOR_TEMPERATURE"": 0.8542910579902705, ""PROB_FLOOR"": 0.0016132552861182242}"
a8be24e1-bd48-49bb-aa46-c5593da79f6f,76,16.152118,0.609438,95.937500,"{""DIRICHLET_ALPHA"": 0.015966277932701514, ""OBSERVED_POSTERIOR_TEMPERATURE"": 1.2199233717248108, ""PROB_FLOOR"": 0.0018921497179821346}"
a8be24e1-bd48-49bb-aa46-c5593da79f6f,282,15.967770,0.613295,95.937500,"{""DIRICHLET_ALPHA"": 0.03257727114145499, ""OBSERVED_POSTERIOR_TEMPERATURE"": 1.013184572144226, ""PROB_FLOOR"": 0.011122688377940402}"
a8be24e1-bd48-49bb-aa46-c5593da79f6f,150,15.520912,0.622783,95.937500,"{""DIRICHLET_ALPHA"": 0.02308007559791094, ""OBSERVED_POSTERIOR_TEMPERATURE"": 1.094617442390828, ""PROB_FLOOR"": 0.0026152344641054565}"
a8be24e1-bd48-49bb-aa46-c5593da79f6f,63,15.513080,0.622947,95.937500,"{""DIRICHLET_ALPHA"": 0.03267200033476366, ""OBSERVED_POSTERIOR_TEMPERATURE"": 0.999463091549484, ""PROB_FLOOR"": 0.005219346217727838}"
a8be24e1-bd48-49bb-aa46-c5593da79f6f,91,15.417785,0.625000,95.937500,"{""DIRICHLET_ALPHA"": 0.051913953024604644, ""OBSERVED_POSTERIOR_TEMPERATURE"": 0.872158163665704, ""PROB_FLOOR"": 0.0001326717461284749}"
a8be24e1-bd48-49bb-aa46-c5593da79f6f,256,15.335651,0.626786,95.937500,"{""DIRICHLET_ALPHA"": 0.055197273954724436, ""OBSERVED_POSTERIOR_TEMPERATURE"": 0.8537039127284494, ""PROB_FLOOR"": 0.00011801904055155755}"
a8be24e1-bd48-49bb-aa46-c5593da79f6f,146,15.025901,0.633626,95.937500,"{""DIRICHLET_ALPHA"": 0.03998168303335434, ""OBSERVED_POSTERIOR_TEMPERATURE"": 0.9307128442876221, ""PROB_FLOOR"": 0.001446842566850138}"
a8be24e1-bd48-49bb-aa46-c5593da79f6f,269,14.955209,0.635202,95.937500,"{""DIRICHLET_ALPHA"": 0.04449247874932819, ""OBSERVED_POSTERIOR_TEMPERATURE"": 0.9004105366986506, ""PROB_FLOOR"": 0.0039275297368680274}"
a8be24e1-bd48-49bb-aa46-c5593da79f6f,33,14.908217,0.636263,95.937500,"{""DIRICHLET_ALPHA"": 0.03103598063586424, ""OBSERVED_POSTERIOR_TEMPERATURE"": 0.9947250442213562, ""PROB_FLOOR"": 0.00018681578746046785}"
a8be24e1-bd48-49bb-aa46-c5593da79f6f,183,14.782255,0.639105,95.937500,"{""DIRICHLET_ALPHA"": 0.029211828075084406, ""OBSERVED_POSTERIOR_TEMPERATURE"": 1.007029086336768, ""PROB_FLOOR"": 0.005460839312533413}"
a8be24e1-bd48-49bb-aa46-c5593da79f6f,141,14.361033,0.648791,95.937500,"{""DIRICHLET_ALPHA"": 0.01867905051872709, ""OBSERVED_POSTERIOR_TEMPERATURE"": 1.112507615730996, ""PROB_FLOOR"": 0.00010291735554116787}"
a8be24e1-bd48-49bb-aa46-c5593da79f6f,10,14.272594,0.650840,95.937500,"{""DIRICHLET_ALPHA"": 0.04702947809621148, ""OBSERVED_POSTERIOR_TEMPERATURE"": 0.8675215063148914, ""PROB_FLOOR"": 0.0037240250398506824}"
a8be24e1-bd48-49bb-aa46-c5593da79f6f,73,14.000783,0.657316,95.937500,"{""DIRICHLET_ALPHA"": 0.039700912876082704, ""OBSERVED_POSTERIOR_TEMPERATURE"": 0.9024231006229253, ""PROB_FLOOR"": 0.013595458774902253}"
a8be24e1-bd48-49bb-aa46-c5593da79f6f,217,13.922909,0.659165,95.937500,"{""DIRICHLET_ALPHA"": 0.017105749390867172, ""OBSERVED_POSTERIOR_TEMPERATURE"": 1.1209149597457588, ""PROB_FLOOR"": 0.0008377564541681341}"
a8be24e1-bd48-49bb-aa46-c5593da79f6f,90,13.796475,0.662205,95.937500,"{""DIRICHLET_ALPHA"": 0.037717615279685195, ""OBSERVED_POSTERIOR_TEMPERATURE"": 0.9114453580768235, ""PROB_FLOOR"": 0.00011185114585611588}"
a8be24e1-bd48-49bb-aa46-c5593da79f6f,80,13.795144,0.662254,95.937500,"{""DIRICHLET_ALPHA"": 0.014280828154477057, ""OBSERVED_POSTERIOR_TEMPERATURE"": 1.163905379700875, ""PROB_FLOOR"": 0.00017825067887739809}"
a8be24e1-bd48-49bb-aa46-c5593da79f6f,265,13.648223,0.665828,95.937500,"{""DIRICHLET_ALPHA"": 0.028746014339287328, ""OBSERVED_POSTERIOR_TEMPERATURE"": 0.9770542537454247, ""PROB_FLOOR"": 0.00011711700863053095}"
a8be24e1-bd48-49bb-aa46-c5593da79f6f,255,13.497071,0.669545,95.937500,"{""DIRICHLET_ALPHA"": 0.04316928919324738, ""OBSERVED_POSTERIOR_TEMPERATURE"": 0.8689496080021927, ""PROB_FLOOR"": 0.012980557494251393}"
a8be24e1-bd48-49bb-aa46-c5593da79f6f,216,12.776490,0.687940,95.937500,"{""DIRICHLET_ALPHA"": 0.01108002998551819, ""OBSERVED_POSTERIOR_TEMPERATURE"": 1.1932501218499292, ""PROB_FLOOR"": 0.0015263266489547811}"
a8be24e1-bd48-49bb-aa46-c5593da79f6f,96,12.631080,0.691762,95.937500,"{""DIRICHLET_ALPHA"": 0.021820988782622557, ""OBSERVED_POSTERIOR_TEMPERATURE"": 1.016504970281277, ""PROB_FLOOR"": 0.0007232900961777843}"
a8be24e1-bd48-49bb-aa46-c5593da79f6f,152,12.584711,0.692984,95.937500,"{""DIRICHLET_ALPHA"": 0.032013041397807536, ""OBSERVED_POSTERIOR_TEMPERATURE"": 0.9192511385690013, ""PROB_FLOOR"": 0.0002643178094570554}"
a8be24e1-bd48-49bb-aa46-c5593da79f6f,212,12.013799,0.708536,95.937500,"{""DIRICHLET_ALPHA"": 0.021687633355324303, ""OBSERVED_POSTERIOR_TEMPERATURE"": 0.9990809365226937, ""PROB_FLOOR"": 0.00017838127738051583}"
a8be24e1-bd48-49bb-aa46-c5593da79f6f,132,11.941327,0.710571,95.937500,"{""DIRICHLET_ALPHA"": 0.012952644613264681, ""OBSERVED_POSTERIOR_TEMPERATURE"": 1.1244385460421795, ""PROB_FLOOR"": 0.001108999402687309}"
a8be24e1-bd48-49bb-aa46-c5593da79f6f,42,11.919707,0.711170,95.937500,"{""DIRICHLET_ALPHA"": 0.019987401726854197, ""OBSERVED_POSTERIOR_TEMPERATURE"": 1.0163229608682438, ""PROB_FLOOR"": 0.0013682923039902714}"
a8be24e1-bd48-49bb-aa46-c5593da79f6f,243,11.720508,0.716806,95.937500,"{""DIRICHLET_ALPHA"": 0.02572730414041178, ""OBSERVED_POSTERIOR_TEMPERATURE"": 0.9484266446019753, ""PROB_FLOOR"": 0.0011137072261799066}"
a8be24e1-bd48-49bb-aa46-c5593da79f6f,274,10.858123,0.742396,95.937500,"{""DIRICHLET_ALPHA"": 0.022124727129281235, ""OBSERVED_POSTERIOR_TEMPERATURE"": 0.9592748766003505, ""PROB_FLOOR"": 0.002330802635298074}"
a8be24e1-bd48-49bb-aa46-c5593da79f6f,29,10.288606,0.760421,95.937500,"{""DIRICHLET_ALPHA"": 0.03161148658615402, ""OBSERVED_POSTERIOR_TEMPERATURE"": 0.8590848292535441, ""PROB_FLOOR"": 0.004585920338419585}"
a8be24e1-bd48-49bb-aa46-c5593da79f6f,162,10.117556,0.766050,95.937500,"{""DIRICHLET_ALPHA"": 0.018654360226567288, ""OBSERVED_POSTERIOR_TEMPERATURE"": 0.9768163645268951, ""PROB_FLOOR"": 0.000916896049521573}"
a8be24e1-bd48-49bb-aa46-c5593da79f6f,55,9.134380,0.800274,95.937500,"{""DIRICHLET_ALPHA"": 0.018979013482283147, ""OBSERVED_POSTERIOR_TEMPERATURE"": 0.9420855963579523, ""PROB_FLOOR"": 0.001888689994448153}"
a8be24e1-bd48-49bb-aa46-c5593da79f6f,59,8.946010,0.807248,95.937500,"{""DIRICHLET_ALPHA"": 0.020778548654158957, ""OBSERVED_POSTERIOR_TEMPERATURE"": 0.9158431270328072, ""PROB_FLOOR"": 0.0010016667044640726}"
a8be24e1-bd48-49bb-aa46-c5593da79f6f,266,8.733944,0.815291,95.937500,"{""DIRICHLET_ALPHA"": 0.014568195476196779, ""OBSERVED_POSTERIOR_TEMPERATURE"": 0.9885914621628724, ""PROB_FLOOR"": 0.00024022701364420293}"
a8be24e1-bd48-49bb-aa46-c5593da79f6f,197,8.461714,0.826046,95.937500,"{""DIRICHLET_ALPHA"": 0.01595755163165741, ""OBSERVED_POSTERIOR_TEMPERATURE"": 0.92664120386508, ""PROB_FLOOR"": 0.013588110018690936}"
a8be24e1-bd48-49bb-aa46-c5593da79f6f,271,8.093534,0.840946,95.937500,"{""DIRICHLET_ALPHA"": 0.013979152455413662, ""OBSERVED_POSTERIOR_TEMPERATURE"": 0.8516030418933358, ""PROB_FLOOR"": 0.01923510398475137}"
a8be24e1-bd48-49bb-aa46-c5593da79f6f,207,8.092069,0.840839,95.937500,"{""DIRICHLET_ALPHA"": 0.019827270468572744, ""OBSERVED_POSTERIOR_TEMPERATURE"": 0.8995479099456883, ""PROB_FLOOR"": 0.006136054287875064}"
a8be24e1-bd48-49bb-aa46-c5593da79f6f,228,6.912524,0.893603,95.937500,"{""DIRICHLET_ALPHA"": 0.014240507439978928, ""OBSERVED_POSTERIOR_TEMPERATURE"": 0.9307916150755127, ""PROB_FLOOR"": 0.0011029194814180076}"
